User id,Mobile Number,Status,Order ID,Product Delivered,Review Status,Order SS
HY5001,5000000001,Approved,ORD-90001,Yes,Pending,https://placehold.co/600x400/indigo/white?text=Screenshot+ORD-90001
HY5002,5000000002,Approved,ORD-90002,Yes,Completed,https://placehold.co/600x400/indigo/white?text=Screenshot+ORD-90002
HY5003,5000000003,Approved,ORD-90003,Yes,Pending,https://placehold.co/600x400/indigo/white?text=Screenshot+ORD-90003
HY5004,5000000004,Approved,ORD-90004,No,Not Started,https://placehold.co/600x400/indigo/white?text=Screenshot+ORD-90004
HY5005,5000000005,Approved,ORD-90005,Yes,Completed,https://placehold.co/600x400/indigo/white?text=Screenshot+ORD-90005
HY5006,5000000006,Approved,ORD-90006,Yes,Pending,https://placehold.co/600x400/indigo/white?text=Screenshot+ORD-90006
HY5007,5000000007,Approved,ORD-90007,Yes,Completed,https://placehold.co/600x400/indigo/white?text=Screenshot+ORD-90007
HY5008,5000000008,Approved,ORD-90008,No,Not Started,https://placehold.co/600x400/indigo/white?text=Screenshot+ORD-90008
HY5009,5000000009,Approved,ORD-90009,Yes,Pending,https://placehold.co/600x400/indigo/white?text=Screenshot+ORD-90009
HY5010,5000000010,Approved,ORD-90010,Yes,Completed,https://placehold.co/600x400/indigo/white?text=Screenshot+ORD-90010
HY5011,5000000011,Approved,ORD-90011,Yes,Pending,https://placehold.co/600x400/indigo/white?text=Screenshot+ORD-90011
HY5012,5000000012,Approved,ORD-90012,No,Not Started,https://placehold.co/600x400/indigo/white?text=Screenshot+ORD-90012
HY5013,5000000013,Approved,ORD-90013,Yes,Completed,https://placehold.co/600x400/indigo/white?text=Screenshot+ORD-90013
HY5014,5000000014,Approved,ORD-90014,Yes,Pending,https://placehold.co/600x400/indigo/white?text=Screenshot+ORD-90014
HY5015,5000000015,Approved,ORD-90015,Yes,Completed,https://placehold.co/600x400/indigo/white?text=Screenshot+ORD-90015
HY5016,5000000016,Approved,ORD-90016,No,Not Started,https://placehold.co/600x400/indigo/white?text=Screenshot+ORD-90016
HY5017,5000000017,Approved,ORD-90017,Yes,Pending,https://placehold.co/600x400/indigo/white?text=Screenshot+ORD-90017
HY5018,5000000018,Approved,ORD-90018,Yes,Completed,https://placehold.co/600x400/indigo/white?text=Screenshot+ORD-90018
HY5019,5000000019,Approved,ORD-90019,Yes,Pending,https://placehold.co/600x400/indigo/white?text=Screenshot+ORD-90019
HY5020,5000000020,Approved,ORD-90020,No,Not Started,https://placehold.co/600x400/indigo/white?text=Screenshot+ORD-90020
HY5021,5000000021,Approved,ORD-90021,Yes,Completed,https://placehold.co/600x400/indigo/white?text=Screenshot+ORD-90021
HY5022,5000000022,Approved,ORD-90022,Yes,Pending,https://placehold.co/600x400/indigo/white?text=Screenshot+ORD-90022
HY5023,5000000023,Approved,ORD-90023,Yes,Completed,https://placehold.co/600x400/indigo/white?text=Screenshot+ORD-90023
HY5024,5000000024,Approved,ORD-90024,No,Not Started,https://placehold.co/600x400/indigo/white?text=Screenshot+ORD-90024
HY5025,5000000025,Approved,ORD-90025,Yes,Pending,https://placehold.co/600x400/indigo/white?text=Screenshot+ORD-90025
HY5026,5000000026,Approved,ORD-90026,Yes,Completed,https://placehold.co/600x400/indigo/white?text=Screenshot+ORD-90026
HY5027,5000000027,Approved,ORD-90027,Yes,Pending,https://placehold.co/600x400/indigo/white?text=Screenshot+ORD-90027
HY5028,5000000028,Approved,ORD-90028,No,Not Started,https://placehold.co/600x400/indigo/white?text=Screenshot+ORD-90028
HY5029,5000000029,Approved,ORD-90029,Yes,Completed,https://placehold.co/600x400/indigo/white?text=Screenshot+ORD-90029
HY5030,5000000030,Approved,ORD-90030,Yes,Pending,https://placehold.co/600x400/indigo/white?text=Screenshot+ORD-90030
